name,description,industry,funding,location,founded,team_size
TechFlow,AI-powered workflow automation platform for enterprise teams,Enterprise Software,$15M Series A,San Francisco CA,2021,45
GreenEnergy,Renewable energy solutions for residential and commercial buildings,Clean Energy,$8M Seed,Austin TX,2022,23
HealthAI,Machine learning platform for early disease detection and diagnosis,Healthcare,$25M Series B,Boston MA,2020,67
EduTech,Personalized learning platform using adaptive algorithms,Education,$12M Series A,Seattle WA,2021,34
FinTechPro,Blockchain-based payment processing and financial services,Financial Services,$30M Series C,New York NY,2019,89
DataVault,Secure cloud storage and data encryption for enterprise clients,Cybersecurity,$18M Series A,Seattle WA,2021,52
RetailBot,AI-powered inventory management and customer service automation,Retail Technology,$22M Series B,Los Angeles CA,2020,78
BioTech Solutions,CRISPR gene editing technology for agricultural applications,Biotechnology,$45M Series C,San Diego CA,2018,124
CloudScale,Multi-cloud orchestration and cost optimization platform,Cloud Infrastructure,$35M Series B,Austin TX,2020,91
MobilityX,Electric vehicle charging network and smart grid integration,Transportation,$28M Series A,Denver CO,2021,56
FoodTech Innovations,Plant-based meat alternatives and sustainable food production,Food Technology,$20M Series A,Portland OR,2022,38
AR Vision,Augmented reality glasses for industrial training and remote assistance,Hardware,$15M Seed,San Francisco CA,2022,29
LegalAI,AI-powered contract analysis and legal document automation,Legal Technology,$32M Series B,Chicago IL,2020,73
SpaceTech,Small satellite deployment and space debris monitoring systems,Aerospace,$50M Series C,Los Angeles CA,2019,156
FashionForward,Sustainable fashion marketplace connecting eco-conscious designers with consumers,Fashion,$12M Seed,New York NY,2022,28
QuantumComputing,Quantum computing hardware and software for scientific research and cryptography,Quantum Technology,$75M Series B,Berkeley CA,2019,89
PetCarePlus,Veterinary telemedicine platform for remote pet health consultations and medication delivery,Pet Care,$18M Series A,Miami FL,2021,42
ArtGallery,Online art gallery platform for independent artists to sell digital and physical artwork,Art & Culture,$8M Seed,Los Angeles CA,2022,19
FitnessTracker,Smart fitness tracking devices and mobile app for personalized workout recommendations,Health & Fitness,$25M Series A,Denver CO,2020,67
MusicStudio,AI-powered music production software for independent musicians and podcast creators,Entertainment,$15M Seed,Nashville TN,2022,31
GamingPlatform,Cloud gaming platform allowing users to stream high-end games on any device,Gaming,$40M Series B,Seattle WA,2020,95
TravelGuide,Personalized travel planning app with AI recommendations for hotels restaurants and activities,Travel & Tourism,$22M Series A,Orlando FL,2021,48
RealEstateTech,Property management software for landlords with tenant screening and rent collection,Real Estate,$30M Series A,Chicago IL,2020,73
FashionForward,Sustainable fashion marketplace connecting eco-conscious designers with consumers,Fashion,$12M Seed,New York NY,2022,28
BeautyTech,AI-powered beauty consultation app for personalized skincare and makeup recommendations,Beauty & Cosmetics,$16M Series A,Los Angeles CA,2021,35
